Post URL,Hashtags
https://www.instagram.com/tagesschau/p/DGTXPEZtx_B/,"['#hamburg', '#bürgerschaftswahl', '#wahl', '#tagesschau']"
https://www.instagram.com/tagesschau/reel/DGTPTSRtB1Q/,"['#afd', '#tagesschau', '#nachrichten']"
https://www.instagram.com/tagesschau/reel/DGTIpSRPo0b/,"['#tagesschau', '#nachrichten', '#streik']"
https://www.instagram.com/tagesschau/reel/DGTBZ8wobaJ/,"['#tagesschau', '#bundestagswahl', '#FDP', '#Lindner']"
https://www.instagram.com/tagesschau/p/DGS-BYNIOp-/,"['#SeAcabó', '#rubiales', '#hermoso', '#fußball', '#spanien', '#nachrichten', '#tagesschau']"
https://www.instagram.com/tagesschau/reel/DGS7Nyaoqtd/,"['#maischberger', '#ukraine', '#russland', '#tagesschau']"
https://www.instagram.com/tagesschau/p/DGSz0Tfi9Bh/,"['#birkenstock', '#kunst', '#sandalen', '#bgh', '#tagesschau', '#nachrichten']"
https://www.instagram.com/tagesschau/p/DGSst9mv6Lq/,"['#sms', '#betrug', '#eltern', '#nachrichten', '#tagesschau']"
https://www.instagram.com/tagesschau/reel/DGSlzxfIZE1/,"['#tagesschau', '#bundestagswahl', '#bsw', '#wagenknecht']"
https://www.instagram.com/tagesschau/p/DGSfm_7Ms0M/,"['#israel', '#geiseln', '#roteskreuz', '#tagesschau', '#nachrichten']"
https://www.instagram.com/tagesschau/p/DGSKaW1saO0/,"['#selesnkyj', '#usa', '#wahl2025', '#bundestagswahl', '#tagesschau', '#nachrichten']"
https://www.instagram.com/tagesschau/p/DGRQ1zGI5_0/,"['#Ukraine', '#USA', '#Trump', '#Selenskyj', '#tagesschau']"
https://www.instagram.com/tagesschau/p/DGRMvFkMcmX/,"['#hanau', '#gedenken', '#steinmeier', '#tagesschau', '#nachrichten']"
https://www.instagram.com/tagesschau/p/DGQ45vTPemd/,"['#cannabis', '#bubatz', '#cdu', '#richtervereinigung', '#tagesschau', '#nachrichten']"
https://www.instagram.com/bericht.aus.berlin/reel/DGQzBpsMzoc/,"['#Farbebekennen', '#Habeck', '#Farbebekennen', '#tagesschau', '#BerichtausBerlin']"
https://www.instagram.com/tagesschau/reel/DGQulG7oQwO/,"['#hanau', '#tagesschau', '#nachrichten']"
https://www.instagram.com/tagesschau/p/DGQnB4AI6HF/,"['#briefwahl', '#tagesschau', '#nachrichten', '#btw25', '#bundestagswahl']"
https://www.instagram.com/tagesschau/reel/DGQgAeXK3Gw/,"['#maischberger', '#ukraine', '#russland', '#usa', '#nachrichten', '#tagesschau']"
https://www.instagram.com/tagesschau/p/DGQadZINw86/,"['#australien', '#delfine', '#schwertwale', '#tagesschau', '#nachrichten']"
https://www.instagram.com/sportschau/p/DGQTAwHtUxY/,"['#Formel1', '#F1', '#Formula1', '#MaxVerstappen', '#LewisHamilton', '#Sportschau']"
https://www.instagram.com/tagesschau/p/DGQR333otqH/,"['#öpnv', '#streik', '#ver', '#tagesschau', '#nachrichten']"
https://www.instagram.com/tagesschau/p/DGQOzLEBsgY/,"['#warnstreiks', '#tagesschau', '#nachrichten', '#news']"
https://www.instagram.com/tagesschau/p/DGQIgFRo7TS/,"['#tagesschau', '#papst', '#franziskus', '#nachrichten', '#news']"
https://www.instagram.com/tagesschau/p/DGQCQ9BOkXu/,"['#hanau', '#rassistischeranschlag', '#gedenken', '#11km', '#tagesschau']"
https://www.instagram.com/tagesschau/p/DGPv_7qsqhT/,"['#afd', '#spendenaffäre', '#bundestagswahl', '#tagesschau']"
https://www.instagram.com/tagesschau/p/DGPmCVjIAWH/,"['#hanau', '#macron', '#ukraine', '#bolsonaro', '#brasilien', '#tagesschau', '#nachrichten']"
https://www.instagram.com/tagesschau/p/DGOsmCIs242/,"['#horstköhler', '#nachrichten', '#tagesschau']"
https://www.instagram.com/bericht.aus.berlin/reel/DGOm5MLsr4M/,"['#Weidel', '#Farbebekennen', '#tagesschau', '#BerichtausBerlin']"
https://www.instagram.com/tagesschau/p/DGOlu4xsy8L/,"['#turski', '#marianturski', '#nachrichten', '#tagesschau']"
https://www.instagram.com/tagesschau/reel/DGOhCAahO3D/,"['#israel', '#gaza', '#tagesschau', '#nachrichten']"
https://www.instagram.com/tagesschau/reel/DGOb0czCeoY/,"['#tagesschautogether', '#habeck', '#twitch', '#tagesschau']"
https://www.instagram.com/tagesschau/reel/DGOWqeLIK--/,"['#tagesschautogether', '#weidel', '#twitch', '#tagesschau']"
https://www.instagram.com/tagesschau/p/DGOPeuwI3Mr/,"['#riodejaneiro', '#karneval', '#nachrichten', '#tagesschau']"
https://www.instagram.com/tagesschau/p/DGOI_-KoSIB/,"['#usa', '#russland', '#riad', '#saudiarabien', '#tagesschau']"
https://www.instagram.com/tagesschau/reel/DGN-ruKMEd7/,"['#kalkutta', '#indien', '#tagesschau', '#nachrichten', '#news', '#taxi']"
https://www.instagram.com/tagesschau/reel/DGN1v5htd6N/,"['#all', '#astronaut', '#weltraum', '#tagesschau', '#news']"
https://www.instagram.com/tagesschau/p/DGNp_hau3yX/,"['#rivelli', '#nutella', '#tagesschau', '#nachrichten']"
https://www.instagram.com/tagesschau/p/DGNjTgRKbx3/,"['#pfand', '#österreich', '#pfandtourismus', '#bier', '#mehrweg', '#nachrichten', '#tagesschau']"
https://www.instagram.com/tagesschau/p/DGNVYrfMIxU/,"['#barrierefreiheit', '#bundestagswahl2025', '#tagesschau', '#news']"
https://www.instagram.com/tagesschau/reel/DGNI0iRIHAi/,"['#tagesschau', '#kälte', '#hilfe', '#obdachlos']"
https://www.instagram.com/tagesschau/p/DGNCyN4qK-c/,"['#ukraine', '#russland', '#usa', '#wahlarena', '#bundestagswahl', '#afghanistan', '#nachrichten', '#tagesschau']"
https://www.instagram.com/tagesschau/p/DGMMJ1JsF5Q/,"['#toronto', '#kanada', '#flugzeug', '#tagesschau']"
https://www.instagram.com/tagesschau/reel/DGMItwSMh7l/,"['#talk', '#maischberger', '#Selenskyj', '#NATO', '#EU', '#Ukraine', '#Russland', '#Putin', '#tagesschau']"
https://www.instagram.com/tagesschau/p/DGMFL0sI6Iv/,"['#scholz', '#eu', '#paris', '#ukraine', '#russland', '#nachrichten', '#tagesschau']"
https://www.instagram.com/tagesschau/p/DGL-4YlsLOk/,"['#baby', '#flugzeug', '#tagesschau']"
https://www.instagram.com/tagesschau/reel/DGL3bN3oQ3u/,"['#tagesschau', '#nachrichten', '#bundestagswahl']"
https://www.instagram.com/tagesschau/p/DGLudiPIFyH/,"['#riad', '#russland', '#usa', '#ukraine', '#nachrichten', '#tagesschau']"
https://www.instagram.com/tagesschau/reel/DGLo_wRIIJe/,"['#griechenland', '#erdbeben', '#tagesschau', '#kykladen', '#nachrichten', '#news']"
https://www.instagram.com/tagesschau/p/DGLgip8MqNq/,"['#generationz', '#genz', '#tagesschau']"
https://www.instagram.com/tagesschau/p/DGLS9j6O7k-/,"['#u18', '#wahl', '#tagesschau', '#nachrichten']"
https://www.instagram.com/tagesschau/p/DGLMDhqIL6_/,"['#bundestagswahl', '#btw25', '#wahlarena', '#tagesschau']"
https://www.instagram.com/tagesschau/reel/DGLICr_ompf/,"['#sudan', '#krieg', '#rsf', '#khartoum', '#nachrichten', '#tagesschau']"
https://www.instagram.com/tagesschau/p/DGK_N5nqi06/,"['#wetter', '#frost', '#kälte', '#tagesschau', '#winter', '#nachrichten']"
https://www.instagram.com/tagesschau/p/DGKwuJrCEcy/,"['#stutensee', '#einsturz', '#badenwürttemberg', '#nachrichten', '#tagesschau']"
https://www.instagram.com/tagesschau/p/DGKmTPEo4gP/,"['#grippe', '#tagesschau', '#gesundheit', '#nachrichten', '#kinder']"
https://www.instagram.com/tagesschau/p/DGKcHYqsbbp/,"['#ukraine', '#quadrell', '#bundestagswahl', '#bafta', '#nachrichten', '#tagesschau']"
https://www.instagram.com/carenmiosgatalk/reel/DGKYloqMQNh/,['#carenmiosga']
https://www.instagram.com/tagesschau/p/DGJmJHlofJ6/,"['#Demokratie', '#Demo', '#Berlin', '#Wahlkampf', '#tagesschau']"
https://www.instagram.com/bericht.aus.berlin/reel/DGJPs-esdlF/,"['#baerbock', '#grüne', '#berichtausberlin']"
https://www.instagram.com/tagesschau/p/DGJN80XIPK1/,"['#cacioepepe', '#nudeln', '#pasta', '#wissen', '#tagessschau']"
https://www.instagram.com/tagesschau/p/DGJCyG6KP9N/,"['#nawalny', '#russland', '#todestag', '#tagesschau', '#nachrichten']"
https://www.instagram.com/tagesschau/p/DGI4i-7PsOC/,"['#evg', '#db', '#tarifverhandlungen', '#nachrichten', '#tagesschau']"
https://www.instagram.com/tagesschau/reel/DGItzbUqeSI/,"['#schnee', '#japan', '#snowbusters', '#tagesschau', '#nachrichten']"
https://www.instagram.com/sportschau/p/DGIg_HHtkkw/,"['#BiathlonWM', '#Biathlon', '#Lenzerheide', '#Lenzerheide2025', '#FranziskaPreuß', '#Wintersport', '#SportschauWintersport']"
https://www.instagram.com/tagesschau/p/DGIg-ZGInE1/,"['#österreich', '#nachrichten', '#tagesschau']"
https://www.instagram.com/tagesschau/p/DGIVzyORcrQ/,"['#ukraine', '#russland', '#usa', '#tagesschau', '#nachrichten']"
https://www.instagram.com/tagesschau/reel/DGH6tdDIwIK/,"['#lawinen', '#winter', '#gebirge', '#gefahren', '#tagesschau', '#nachrichten']"
https://www.instagram.com/tagesschau/p/DGG81tDh12M/,"['#serbien', '#tagesschau']"
https://www.instagram.com/tagesschau/reel/DGG1zkjt8If/,"['#ki', '#pflege', '#gesundheitssystem', '#nachrichten', '#tagesschau']"
https://www.instagram.com/tagesschau/p/DGGuiWBsGG_/,"['#düsseldorf', '#afd', '#demo', '#dmonstration', '#tagesschau']"
https://www.instagram.com/tagesschau/p/DGGmyN2oBAy/,"['#München', '#Anschlag', '#tagesschau']"
https://www.instagram.com/tagesschau/p/DGGaoObCarV/,"['#sicherheitskonferenz', '#ukraine', '#eu', '#nachrichten', '#tagesschau']"
https://www.instagram.com/tagesschau/p/DGGTtIYMnMG/,"['#scholz', '#vance', '#usa', '#afd', '#tagesschau']"
https://www.instagram.com/tagesschau/reel/DGGNcqJIyey/,"['#bundestagswahl', '#auslandsdeutsche', '#kenia', '#nairobi', '#tagesschau', '#nachrichten']"
https://www.instagram.com/tagesschau/p/DGGF8hMoAk2/,"['#Baum', '#RIP', '#SPD', '#Liberal', '#tagesschau']"
https://www.instagram.com/tagesschau/reel/DGGDiUhoaSJ/,"['#bundestagswahl', '#kleinparteien', '#tagesschau', '#nachrichten']"
https://www.instagram.com/sportschau/p/DGF0gD8tVgR/,"['#JannikSinner', '#Sinner', '#Tennis', '#Doping', '#Dopingsperre', '#Sportschau']"
https://www.instagram.com/tagesschau/p/DGFoTDtoDXO/,"['#hamas', '#geiseiln', '#freilassung', '#nachrichten', '#tagesschau']"
https://www.instagram.com/tagesschau/reel/DGFVb6hp6I6/,"['#künstlicheintelligenz', '#führerschein', '#nachrichten', '#tagesschau']"
https://www.instagram.com/tagesschau/reel/DGEa7FoxOxI/,"['#tagesschau', '#nachrichten', '#newsderwoche', '#münchen', '#trump', '#218']"
https://www.instagram.com/tagesschau/p/DGEUnTpNZQi/,"['#fridaysforfuture', '#klimaschutz', '#demos', '#nachrichten', '#tagesschau']"
https://www.instagram.com/tagesschau/reel/DGEN6JFpIq1/,"['#tagesschau', '#Wirtschaft', '#trump', '#Stahl', '#Zoll', '#Strafzoll']"
https://www.instagram.com/tagesschau/p/DGEHjhRq628/,"['#sicherheitskonferenz', '#msc', '#vance', '#pistorius', '#nachrichten', '#tagesschau']"
https://www.instagram.com/tagesschau/reel/DGD_ti1IYTB/,"['#bundestagswahl', '#tagesschau', '#nachrichten', '#ukraine']"
https://www.instagram.com/tagesschau/p/DGD7zadIrXk/,"['#Ukraine', '#Russland', '#Tschernobyl', '#tagesschau']"
https://www.instagram.com/sportschau/p/DGDrGL3tu1c/,"['#Schach', '#FIDE', '#Carlsen', '#FreestyleChess', '#RandomChess', '#Sportschau']"
https://www.instagram.com/tagesschau/reel/DGDossxv7Ft/,"['#nachrichten', '#tagesschau', '#pollensaison', '#pollenallergie']"
https://www.instagram.com/tagesschau/reel/DGDcOMUokyO/,"['#wal', '#buckelwal', '#kajak', '#tagesschau']"
https://www.instagram.com/tagesschau/p/DGDVTjUKKwB/,"['#nachrichten', '#tagesschau', '#anschlag', '#münchen']"
https://www.instagram.com/tagesschau/p/DGDQCcXIMP8/,"['#bundestagswahl', '#btw25', '#tagesschau']"
https://www.instagram.com/tagesschau/p/DGDNUgZqsR6/,"['#brandenburg', '#anschlag', '#kugelbombe', '#tagesschau', '#nachrichten']"
https://www.instagram.com/tagesschau/p/DGC-3f4qZ8v/,"['#berlinale', '#berlin', '#filmfestspiele', '#tagesschau', '#nachrichten', '#kultur']"
https://www.instagram.com/tagesschau/p/DGCx4S_KXXV/,"['#tagesschau', '#nachrichten', '#trump', '#abrüstung', '#sicherheitskonferenz']"
https://www.instagram.com/tagesschau/reel/DGB3Ys3NShS/,"['#tagesschau', '#nachrichten', '#news', '#amsterdam', '#rembrandt', '#nachtwache', '#kunst']"
https://www.instagram.com/tagesschau/p/DGBw9RYPqVa/,"['#dresden', '#gedenken', '#sachsen', '#tagesschau']"
https://www.instagram.com/tagesschau/p/DGBqGvqsP5P/,"['#münchen', '#tagesschau', '#nachrichten']"
https://www.instagram.com/tagesschau/p/DGBmAVusunQ/,"['#wissen', '#tagesschau', '#meisen', '#vögel', '#hunde', '#zecken']"
https://www.instagram.com/tagesschau/reel/DGBfKIlNjbQ/,"['#tagesschau', '#nachrichten', '#bundestagswahl', '#bürgergeld']"
https://www.instagram.com/tagesschau/p/DGBUWaRxlIf/,"['#arddeutschlandtrend', '#sonntagsfrage', '#bundestagswahl', '#tagesschau', '#nachrichten']"
https://www.instagram.com/tagesschau/p/DGBLm--sRjf/,"['#chialo', '#scholz', '#tagesschau', '#nachrichten']"
https://www.instagram.com/news_wg/reel/DGBF7onI2-S/,[]
https://www.instagram.com/tagesschau/reel/DGBAQL4oJ2L/,"['#klimastreik', '#wahlkampf', '#tagesschau', '#nachrichten']"
https://www.instagram.com/tagesschau/p/DGA6rf3MZR3/,"['#genderpaygap', '#verdienstlücke', '#nachrichten', '#tagesschau']"
https://www.instagram.com/tagesschau/p/DGAz71qIGo-/,"['#münchen', '#verdi', '#nachrichten', '#tagesschau']"
https://www.instagram.com/tagesschau/p/DGAo--Noimu/,"['#münchen', '#auto', '#menschenmenge', '#nachrichten', '#tagesschau']"
https://www.instagram.com/tagesschau/p/DGAk2_7qZHJ/,"['#db', '#zugausfall', '#nachrichten', '#tagesschau']"
https://www.instagram.com/tagesschau/reel/DGAbTZnN6D5/,"['#tagesschau', '#nachrichten']"
https://www.instagram.com/tagesschau/p/DGARiefomDU/,"['#commerzbank', '#unicredit', '#nachrichten', '#tagesschau']"
https://www.instagram.com/tagesschau/p/DGAMSo0Kj8a/,"['#tagesschau', '#nachrichten', '#putin', '#trump', '#eu', '#friedensverhandlungen', '#grenoble']"
https://www.instagram.com/tagesschau/reel/DF_HsHqNzJZ/,"['#tagesschau', '#nachrichten', '#news', '#pompeji', '#italien', '#antike', '#vesuv']"
https://www.instagram.com/tagesschau/p/DF_Byxasn2e/,"['#ukraine', '#russland', '#trump', '#putin', '#selenskyj', '#tagesschau', '#nachrichten']"
https://www.instagram.com/tagesschau/p/DF-3rZ9NIDv/,"['#feinstaub', '#luftqualität', '#tagesschau', '#nachrichten']"
https://www.instagram.com/tagesschau/reel/DF-x4mhI9Rm/,"['#bundestagswahl', '#tagesschau', '#nachrichten']"
https://www.instagram.com/tagesschau/p/DF-psN8IE02/,"['#tagesschau', '#nachrichten', '#österreich', '#övp', '#fpö', '#kickl']"
https://www.instagram.com/tagesschau/p/DF-cbX5KW2k/,"['#tagesschau', '#nachrichten', '#gleichberechtigung', '#dgb', '#frauen']"
https://www.instagram.com/weltspiegel/reel/DF-UIUmCfod/,"['#Biber', '#Natur', '#Tiere', '#Umweltschutz']"
https://www.instagram.com/tagesschau/reel/DF-SYLTItEB/,"['#ARD', '#maischberger', '#talk', '#Demokratie', '#GregorGysi', '#AfD']"
https://www.instagram.com/tagesschau/p/DF-LiZHq5lJ/,"['#grenzkontrollen', '#bundesregierung', '#migration', '#nachrichten', '#tagesschau']"
https://www.instagram.com/tagesschau/p/DF9_gNmBmOO/,"['#deepseek', '#cybersicherheit', '#ki', '#nachrichten', '#tagesschau']"
https://www.instagram.com/tagesschau/reel/DF91Sd4pfwF/,"['#tagesschau', '#nachrichten', '#moma', '#carsharing']"
https://www.instagram.com/tagesschau/p/DF9vSsaqw2g/,"['#tagesschau', '#nachrichten', '#fogel', '#trump', '#usa', '#russland']"
https://www.instagram.com/tagesschau/p/DF9k0dVKing/,"['#tagesschau', '#nachrichten', '#gaza', '#ägypten', '#russland', '#usa', '#deutschlandticket']"
https://www.instagram.com/tagesschau/p/DF8qgKeNQ3y/,"['#esports', '#saudiarabien', '#tagesschau']"
https://www.instagram.com/tagesschau/reel/DF8k_93t-NC/,"['#pollensaison', '#allergie', '#pollenallergie', '#wissen', '#tagesschau', '#nachrichten']"
https://www.instagram.com/tagesschau/reel/DF8fEPpNBU9/,"['#ki', '#tagesschau', '#nachrichten']"
https://www.instagram.com/tagesschau/reel/DF8aIKVtrCE/,"['#tagesschau', '#nachrichten', '#bundestagswahl', '#klima']"
https://www.instagram.com/tagesschau/p/DF8VEAfKeZ3/,"['#tagesschau', '#nachrichten', '#abtreibungen']"
https://www.instagram.com/tagesschau/p/DF8OPcys0Uf/,"['#hamburg', '#deutschebahn', '#ice', '#tagesschau']"
https://www.instagram.com/tagesschau/p/DF8JIfmoxjH/,"['#tagesschau', '#nachrichten', '#urlaub', '#tourismus']"
https://www.instagram.com/bericht.aus.berlin/reel/DF8FdyPsAi4/,"['#Generaldebatte', '#Scholz', '#Merz', '#Habeck', '#Lindner', '#Weidel', '#Reichinnek', '#Wagenknecht', '#BerichtausBerlin', '#tagesschau']"
https://www.instagram.com/tagesschau/reel/DF74rPUtaKL/,"['#hartaberfair', '#ukraine', '#lindner', '#wagenknecht', '#tagesschau']"
https://www.instagram.com/tagesschau/reel/DF7zTPKNCqb/,"['#hartaberfair', '#Vermögenssteuer', '#milliardäre', '#nachrichten', '#tagesschau']"
https://www.instagram.com/tagesschau/p/DF7umiuqZWv/,"['#korruption', '#korruptionsindex', '#nachrichten', '#tagesschau']"
https://www.instagram.com/tagesschau/p/DF7iBqWIJPc/,"['#USA', '#Zölle', '#Industrie', '#Export', '#Deutschland', '#Europa', '#Nachrichten', '#tagesschau']"
https://www.instagram.com/weltspiegel/reel/DF7NHSbBl6z/,"['#Gaza', '#Israel', '#Waffenstillstand', '#Nahost']"
https://www.instagram.com/tagesschau/reel/DF7HP6zNpza/,"['#tagesschau', '#nachrichten', '#notruf', '#112', '#rettungsdienst', '#europa', '#deutschland']"
https://www.instagram.com/tagesschau/p/DF7B1KSIT3e/,"['#tagesschau', '#nachrichten', '#update', '#trump', '#uszölle', '#schwangerschaftsabbruch', '#österreich', '#koalitionsgespräche']"
https://www.instagram.com/tagesschau/reel/DF6E3UbJ5rD/,"['#kegelrobben', '#nordsee', '#wattenmeer', '#tagesschau', '#nachrichten']"
https://www.instagram.com/tagesschau/p/DF5-CmRsfmw/,"['#israel', '#gaza', '#usa', '#trump', '#tagesschau']"
https://www.instagram.com/tagesschau/p/DF53IJKP409/,"['#klimaziele', '#kliaschutz', '#tagesschau', '#nachrichten']"
https://www.instagram.com/tagesschau/p/DF5s8oboinJ/,"['#tagesschau', '#wissen', '#nachrichten', '#insekten', '#mehlwürmer']"
https://www.instagram.com/tagesschau/p/DF5ih7FN2Ob/,"['#rumänien', '#iohannis', '#rücktritt', '#tagesschau', '#nachrichten']"
https://www.instagram.com/tagesschau/reel/DF5fNZjByJf/,"['#tagesschautogether', '#tvduell', '#scholz', '#twitch']"
https://www.instagram.com/tagesschau/reel/DF5br0xIUAk/,"['#tagesschautogether', '#tvduell', '#merz', '#twitch']"
https://www.instagram.com/tagesschau/reel/DF5YfSXoUaN/,"['#tagesschau', '#nachrichten', '#kommunen', '#finanzen', '#pflichtleistungen', '#badduerkheim']"
https://www.instagram.com/tagesschau/reel/DF5PePkoCRE/,"['#tvduell', '#merz', '#scholz', '#tagesschau', '#nachrichten']"
https://www.instagram.com/tagesschau/p/DF5DouyMMh3/,"['#tagesschau', '#nachrichten', '#feuer', '#waldbrand', '#chile']"
https://www.instagram.com/tagesschau/reel/DF45Tlftg5i/,"['#tagesschau', '#nachrichten', '#bundestagswahl', '#schuldenbremse']"
https://www.instagram.com/tagesschau/p/DF4nOZUo1AF/,"['#paris', '#seine', '#wasser', '#nachrichten', '#tagesschau']"
https://www.instagram.com/tagesschau/p/DF4bpZ1oE8A/,"['#tagesschau', '#nachrichten', '#update', '#tv', '#scholz', '#merz', '#kosovo', '#superbowl']"
https://www.instagram.com/sportschau/p/DF4JDIsqypX/,"['#NFL', '#SuperBowl', '#SuperBowlLIX', '#chiefskingdom', '#FlyEaglesFly', '#sportschau']"
https://www.instagram.com/carenmiosgatalk/reel/DF3qVZSvo3o/,['#carenmiosga']
https://www.instagram.com/tagesschau/reel/DF3plivIMM1/,"['#tvduelll', '#merz', '#scholz', '#bundestagswahl', '#nachrichten', '#tagesschau']"
https://www.instagram.com/tagesschau/p/DF3coZfpjBd/,"['#wölfe', '#polen', '#tagesschau', '#nachrichten']"
https://www.instagram.com/bericht.aus.berlin/reel/DF3RzSHMjmL/,"['#fdp', '#bsw', '#dielinke', '#berichtausberlin']"
https://www.instagram.com/tagesschau/reel/DF3L1ctIHhE/,"['#stuttgart', '#chor', '#singen', '#nachrichten', '#tagesschau']"
https://www.instagram.com/tagesschau/p/DF3BKzRuPj8/,"['#schweiz', '#volksabstimmung', '#umweltschutz', '#tagesschau', '#nachrichten']"
https://www.instagram.com/tagesschau/p/DF223cXOlLi/,"['#biber', '#tschechien', '#staudamm', '#klabava', '#tagesschau', '#nachrichten']"
https://www.instagram.com/tagesschau/reel/DF2t6iTId10/,"['#oper', '#nachrichten', '#tagesschau']"
https://www.instagram.com/tagesschau/p/DF2moZ4IC9K/,"['#bundestagswahl', '#btw2025', '#tagesschau']"
https://www.instagram.com/tagesschau/p/DF2baSzsWN5/,"['#Nahost', '#Israel', '#Gaza', '#tagesschau']"
https://www.instagram.com/tagesschau/p/DF2V50TohxM/,"['#südafrika', '#trump', '#musk', '#tagesschau', '#nachrichten']"
https://www.instagram.com/tagesschau/p/DF2GRq7oWqT/,"['#Drohnen', '#Bundeswehr', '#Luftwaffe', '#Spionage', '#tagesschau']"
https://www.instagram.com/tagesschau/p/DF17VuUolXH/,"['#bundestagswahl2025', '#aliceweidel', '#afd', '#akkurat', '#tagesschau']"
https://www.instagram.com/tagesschau/reel/DF03vWTo-X1/,"['#blitzer', '#fans', '#bayern', '#nachrichten', '#tagesschau']"
https://www.instagram.com/tagesschau/p/DF0uHWFg2Ay/,"['#erkältung', '#erkältungsmythen', '#tagesschau', '#nachrichten']"
https://www.instagram.com/tagesschau/p/DF0iSC3qgz1/,"['#demonstrationen', '#rechtsextremismus', '#migrationspolitik', '#tagesschau', '#nachrichten']"
https://www.instagram.com/tagesschau/p/DF0VqFto4YM/,"['#daisy', '#großbritannien', '#nachrichten', '#tagesschau']"
https://www.instagram.com/tagesschau/p/DF0NcGToHET/,"['#caspardavidfriedrich', '#newyork', '#metropolitanmuseumofart', '#nachrichten', '#tagesschau']"
https://www.instagram.com/tagesschau/reel/DF0Cvb8RNEX/,"['#tagesschau', '#nachrichten']"
https://www.instagram.com/weltspiegel/reel/DFz6G7OPZkI/,"['#Jigokudani', '#JapanMakaken', '#Onsen', '#AnimalsOfInstagram', '#Affe']"
https://www.instagram.com/tagesschau/p/DFz0YdPs8KT/,"['#slowakei', '#fico', '#tagesschau', '#nachrichten']"
https://www.instagram.com/tagesschau/p/DFzquVpsDrI/,"['#israel', '#hamas', '#geiseln', '#gazastreifen', '#nahost', '#tagesschau', '#nachrichten']"
https://www.instagram.com/tagesschau/reel/DFzn0tsID_v/,"['#ski', '#skifahren', '#griechenland', '#nachrichten', '#tagesschau']"
https://www.instagram.com/tagesschau/reel/DFzdUYgIB8O/,"['#wahlkampf', '#bundestagswahl', '#nachrichten', '#tagesschau']"
https://www.instagram.com/tagesschau/p/DFyaaF2McPc/,"['#pixi', '#conni', '#evawenzelbürger', '#tagesschau']"
https://www.instagram.com/tagesschau/p/DFyUE15qcTb/,"['#titanic', '#ausstellung', '#nachrichten', '#tagesschau']"
https://www.instagram.com/tagesschau/p/DFyOoIjM9lJ/,"['#grippe', '#corona', '#erkältung', '#krank', '#tagesschau']"
https://www.instagram.com/tagesschau/reel/DFyGviRoRi1/,"['#pumuckl', '#ampel', '#münchen', '#nachrichten', '#tagesschau']"
https://www.instagram.com/tagesschau/p/DFyB4LjP1Ky/,"['#argentinien', '#buenosaires', '#sarandi', '#fluss', '#tagesschau']"
https://www.instagram.com/tagesschau/p/DFx38jgqHl2/,"['#IStGH', '#strafgerichtshof', '#trump', '#nachrichten', '#tagesschau']"
https://www.instagram.com/tagesschau/reel/DFxwX06oKXe/,"['#demonstration', '#schweden', '#wahlomat', '#tagesschau', '#nachrichten']"
https://www.instagram.com/tagesschau/p/DFxrQTTKZP3/,"['#Panama', '#China', '#USA', '#Geopolitik', '#tagesschau']"
https://www.instagram.com/tagesschau/p/DFxi8kkqH4s/,"['#hamburg', '#oper', '#kühne', '#nachrichten', '#tagesschau']"
https://www.instagram.com/weltspiegel/reel/DFxVXGwtlWB/,"['#syrien', '#kurden', '#kobane', '#türkei', '#kobane']"
https://www.instagram.com/tagesschau/p/DFxSTWYIhBv/,"['#USAID', '#USA', '#Trump', '#nachrichten', '#tagesschau']"
https://www.instagram.com/tagesschau/p/DFxOK1MIr6C/,"['#bundestagswahl', '#btw2025', '#tagesschau']"
https://www.instagram.com/tagesschau/reel/DFxAsKzNc59/,"['#tagesschau', '#nachrichten']"
https://www.instagram.com/tagesschau/p/DFw2-Nhobgt/,"['#Wirtschaft', '#Porsche', '#Verbrenner', '#Auto', '#tagesschau']"
https://www.instagram.com/tagesschau/p/DFwsZP-I1ij/,"['#tagesschau', '#nachrichten', '#update', '#trump', '#strafgerichtshof', '#abfindnug', '#schattenflotte', '#russland']"
https://www.instagram.com/tagesschau/reel/DFv2OkIIAXK/,[]
https://www.instagram.com/tagesschau/p/DFvq0IzPGcQ/,"['#trump', '#transathletinnen', '#olympia', '#frauensport', '#tagesschau', '#nachrichten']"
https://www.instagram.com/tagesschau/p/DFvghHHP3p7/,"['#briefwahl', '#tagesschau', '#nachrichten', '#btw25', '#bundestagswahl']"
https://www.instagram.com/tagesschau/reel/DFvZfXXIwGq/,"['#wahlomat', '#realomat', '#nachrichten', '#tagesschau']"
https://www.instagram.com/tagesschau/p/DFvSyyQoFpY/,"['#genitalverstümmelung', '#who', '#nachrichten', '#tagesschau']"
https://www.instagram.com/tagesschau/p/DFvIloFMiWA/,"['#deutschlandtrend', '#sonntagsfrage', '#bundestagswahl', '#tagesschau', '#nachrichten']"
https://www.instagram.com/tagesschau/p/DFvFLwcoAUI/,"['#stau', '#staubilanz', '#verkehr', '#deutschland']"
https://www.instagram.com/tagesschau/reel/DFu91rxIUjT/,"['#tagesschau', '#nachrichten', '#tvduell']"
https://www.instagram.com/tagesschau/p/DFu3PoMqwLY/,"['#klimaschutz', '#klimapolitik', '#bundestagswahl', '#btw25', '#tagesschau', '#nachrichten']"
https://www.instagram.com/tagesschau/reel/DFutzUkoVm9/,"['#olafscholz', '#tagesschau', '#nachrichten']"
https://www.instagram.com/tagesschau/p/DFukyCiKnue/,"['#klima', '#temperaturen', '#copernicus', '#tagesschau', '#nachrichten']"
https://www.instagram.com/weltspiegel/reel/DFufVghM9-S/,"['#Syrien', '#Assad', '#HTS', '#Regime']"
https://www.instagram.com/tagesschau/p/DFubQ2NK6Cl/,"['#tagesschau', '#usa', '#nachrichten', '#demonstrationen', '#50501', '#trump']"
https://www.instagram.com/tagesschau/p/DFuRj1oNk96/,"['#bundestagswahl', '#roberthabeck', '#diegrünen', '#akkurat', '#tagesschau']"
