Post URL,Post Date
https://www.instagram.com/vegan_check/reel/DGTLaCpo1fm/,20. Februar 2025
https://www.instagram.com/vegan_check/p/DGQxoyayzRf/,19. Februar 2025
https://www.instagram.com/vegan_check/p/DGONfxhMa3d/,18. Februar 2025
https://www.instagram.com/vegan_check/p/DGLotVRPfVM/,17. Februar 2025
https://www.instagram.com/vegan_check/p/DGJC2BtTkLh/,16. Februar 2025
https://www.instagram.com/vegan_check/reel/DGGk1QDKIkh/,15. Februar 2025
https://www.instagram.com/vegan_check/p/DGD5Y57zuhd/,14. Februar 2025
https://www.instagram.com/vegan_check/p/DGBYYkpPA2R/,13. Februar 2025
https://www.instagram.com/vegan_check/reel/DF8QQmwqWr8/,11. Februar 2025
https://www.instagram.com/vegan_check/p/DF3BRcyT8O7/,9. Februar 2025
https://www.instagram.com/vegan_check/reel/DF0lVO-qjP3/,8. Februar 2025
https://www.instagram.com/vegan_check/p/DFx3yFlTWS5/,7. Februar 2025
https://www.instagram.com/vegan_check/p/DFvS-1tvxII/,6. Februar 2025
https://www.instagram.com/vegan_check/reel/DFsqk85qxnO/,5. Februar 2025
https://www.instagram.com/vegan_check/p/DFqJzRWvVQ_/,4. Februar 2025
https://www.instagram.com/vegan_check/reel/DFiXYokqz71/,1. Februar 2025
https://www.instagram.com/vegan_check/p/DFf2OKQzIdj/,31. Januar 2025
https://www.instagram.com/vegan_check/p/DFdRcAAToy1/,30. Januar 2025
https://www.instagram.com/vegan_check/p/DFatDZqzrWI/,29. Januar 2025
https://www.instagram.com/vegan_check/p/DFYKhtKzAdK/,28. Januar 2025
https://www.instagram.com/vegan_check/p/DFVjdVuTIBP/,27. Januar 2025
https://www.instagram.com/vegan_check/p/DFS9f40zJao/,26. Januar 2025
https://www.instagram.com/vegan_check/p/DFQZ2SPzdGx/,25. Januar 2025
https://www.instagram.com/vegan_check/p/DFGGO2ETGZA/,21. Januar 2025
https://www.instagram.com/vegan_check/p/DFDh323zOGW/,20. Januar 2025
https://www.instagram.com/vegan_check/p/DFA8jfZTB91/,19. Januar 2025
https://www.instagram.com/vegan_check/p/DE7yU_jsDpk/,17. Januar 2025
https://www.instagram.com/vegan_check/p/DE5UZdRuacl/,16. Januar 2025
https://www.instagram.com/vegan_check/reel/DE2wu-NoEI2/,15. Januar 2025
https://www.instagram.com/vegan_check/p/DE0Jt_xzMyD/,14. Januar 2025
https://www.instagram.com/vegan_check/p/DExf4ruziMD/,13. Januar 2025
https://www.instagram.com/vegan_check/p/DEu6XV8ThpO/,12. Januar 2025
https://www.instagram.com/vegan_check/p/DEsV21pTUeO/,11. Januar 2025
https://www.instagram.com/vegan_check/reel/DEpz-Y7oAf1/,10. Januar 2025
https://www.instagram.com/vegan_check/p/DEnL-HxTDKD/,9. Januar 2025
https://www.instagram.com/vegan_check/p/DEkrwR9utdn/,8. Januar 2025
https://www.instagram.com/vegan_check/p/DEiDE7zTpzW/,7. Januar 2025
https://www.instagram.com/vegan_check/p/DEfith3srD8/,6. Januar 2025
https://www.instagram.com/vegan_check/p/DEaYAa7PFGC/,4. Januar 2025
https://www.instagram.com/vegan_check/reel/DEXdS5kooNj/,3. Januar 2025
https://www.instagram.com/vegan_check/reel/DEVHBbJIfWh/,2. Januar 2025
https://www.instagram.com/vegan_check/p/DESpoCSshLf/,1. Januar 2025
https://www.instagram.com/vegan_check/p/DEQBiHITiRA/,31. Dezember 2024
https://www.instagram.com/vegan_check/p/DENcvbmzYvk/,30. Dezember 2024
https://www.instagram.com/vegan_check/p/DEK33rJzUby/,29. Dezember 2024
https://www.instagram.com/vegan_check/reel/DEITDbWI8np/,28. Dezember 2024
https://www.instagram.com/vegan_check/p/DEF7-8Xp64o/,27. Dezember 2024
https://www.instagram.com/vegan_check/p/DEDJhO3zhKC/,26. Dezember 2024
https://www.instagram.com/vegan_check/p/DD9rzPfzsa5/,24. Dezember 2024
https://www.instagram.com/vegan_check/p/DD7bNVtTaO4/,23. Dezember 2024
https://www.instagram.com/vegan_check/p/DD42VLQzwR8/,22. Dezember 2024
https://www.instagram.com/vegan_check/reel/DD2RefmIxCv/,21. Dezember 2024
https://www.instagram.com/vegan_check/p/DDzs2_BzhL4/,20. Dezember 2024
https://www.instagram.com/vegan_check/reel/DDxgOlIIM10/,19. Dezember 2024
https://www.instagram.com/vegan_check/p/DDujO1wxbDY/,18. Dezember 2024
https://www.instagram.com/vegan_check/p/DDr-c4RvBQg/,17. Dezember 2024
https://www.instagram.com/vegan_check/p/DDpZo9fzgjG/,16. Dezember 2024
https://www.instagram.com/vegan_check/p/DDm0wBXzXZH/,15. Dezember 2024
https://www.instagram.com/vegan_check/reel/DDkP8YXo8dK/,14. Dezember 2024
https://www.instagram.com/vegan_check/p/DDhrR_8TGbk/,13. Dezember 2024
https://www.instagram.com/vegan_check/p/DDfGcqVT7Af/,12. Dezember 2024
https://www.instagram.com/vegan_check/reel/DDchi1BoxZv/,11. Dezember 2024
https://www.instagram.com/vegan_check/p/DDZ81W-ufG3/,10. Dezember 2024
https://www.instagram.com/vegan_check/p/DDXYE_CyBIO/,9. Dezember 2024
https://www.instagram.com/vegan_check/reel/DDUsT58ISki/,8. Dezember 2024
https://www.instagram.com/vegan_check/p/DDRy24ctidF/,7. Dezember 2024
https://www.instagram.com/vegan_check/p/DDPps-CvDxe/,6. Dezember 2024
https://www.instagram.com/vegan_check/p/DDNEp1nxxu7/,5. Dezember 2024
https://www.instagram.com/vegan_check/reel/DDKgAUXoEYC/,4. Dezember 2024
https://www.instagram.com/vegan_check/p/DDH7NIvPO9q/,3. Dezember 2024
https://www.instagram.com/vegan_check/p/DDFWe1RvHvW/,2. Dezember 2024
https://www.instagram.com/vegan_check/p/DDCxm72t4IY/,1. Dezember 2024
https://www.instagram.com/vegan_check/reel/DDALTtcI4C0/,30. November 2024
https://www.instagram.com/vegan_check/p/DC95HEPSOen/,29. November 2024
https://www.instagram.com/vegan_check/p/DC7DvAWPdwC/,28. November 2024
https://www.instagram.com/vegan_check/reel/DC4i6kVoXL3/,27. November 2024
https://www.instagram.com/vegan_check/p/DC1_8ltNd1L/,26. November 2024
https://www.instagram.com/vegan_check/p/DCzuxR5Trrl/,25. November 2024
https://www.instagram.com/vegan_check/p/DCzVVgav14x/,25. November 2024
https://www.instagram.com/vegan_check/reel/DCuLNm8Im-d/,24. November 2024
https://www.instagram.com/vegan_check/p/DCrtz2KvQzD/,22. November 2024
https://www.instagram.com/vegan_check/p/DCmd8AQNYXw/,20. November 2024
https://www.instagram.com/vegan_check/reel/DCewRPsohSE/,17. November 2024
https://www.instagram.com/vegan_check/p/DCUerchPhSx/,13. November 2024
https://www.instagram.com/vegan_check/p/DCMs8MaPuw4/,10. November 2024
https://www.instagram.com/vegan_check/p/DCFPfbgPxnX/,9. November 2024
https://www.instagram.com/vegan_check/p/DCChG3ZP51w/,6. November 2024
https://www.instagram.com/vegan_check/p/DB9XhK8PGC_/,4. November 2024
https://www.instagram.com/vegan_check/p/DB1mXypocPF/,1. November 2024
https://www.instagram.com/vegan_check/p/DByiklitMMc/,31. Oktober 2024
https://www.instagram.com/vegan_check/p/DBtzbXyTvtY/,29. Oktober 2024
https://www.instagram.com/vegan_check/p/DBrOoUXNpV6/,28. Oktober 2024
https://www.instagram.com/vegan_check/p/DBotKK6vDWO/,27. Oktober 2024
https://www.instagram.com/vegan_check/p/DBjZm-Io93Y/,25. Oktober 2024
https://www.instagram.com/vegan_check/reel/DBg5MNIIqcU/,24. Oktober 2024
https://www.instagram.com/vegan_check/p/DBeQP0-v5O-/,23. Oktober 2024
https://www.instagram.com/vegan_check/reel/DBbq33fRr-U/,22. Oktober 2024
https://www.instagram.com/vegan_check/p/DBWhWTgO3Fk/,20. Oktober 2024
https://www.instagram.com/vegan_check/reel/DBOy8K-oJO-/,17. Oktober 2024
https://www.instagram.com/vegan_check/p/DBMOPzFMVY4/,16. Oktober 2024
https://www.instagram.com/vegan_check/reel/DBJq0CaoSYi/,13. November 2024
https://www.instagram.com/vegan_check/p/DBHEsPVMab3/,14. Oktober 2024
https://www.instagram.com/vegan_check/p/DBEfy92szYb/,13. Oktober 2024
https://www.instagram.com/vegan_check/p/DA6L-V2NGX7/,9. Oktober 2024
https://www.instagram.com/vegan_check/reel/DAyeCufIy9q/,6. Oktober 2024
https://www.instagram.com/vegan_check/p/DAtUtRCM9ZY/,4. Oktober 2024
https://www.instagram.com/vegan_check/reel/DAoKhXlImII/,2. Oktober 2024
https://www.instagram.com/vegan_check/p/DAfzaoUt4dL/,29. September 2024
https://www.instagram.com/vegan_check/p/DAbjOhJoJ1S/,7. Oktober 2024
https://www.instagram.com/vegan_check/reel/DATz63EIsgi/,24. September 2024
https://www.instagram.com/vegan_check/p/DAOfR2QNR1z/,22. September 2024
https://www.instagram.com/vegan_check/p/DAELTLIMLMl/,18. September 2024
https://www.instagram.com/vegan_check/reel/DABoUB7o3a6/,19. September 2024
https://www.instagram.com/vegan_check/p/C_8ZjTrtRVZ/,15. September 2024
https://www.instagram.com/vegan_check/reel/C_0rhHKo58U/,19. September 2024
https://www.instagram.com/vegan_check/p/C_yKwjFobWN/,11. September 2024
https://www.instagram.com/vegan_check/reel/C_tODSzoIzD/,11. September 2024
https://www.instagram.com/vegan_check/p/C_gF3KAtUAM/,4. September 2024
https://www.instagram.com/vegan_check/reel/C_dk_rhIGdI/,3. September 2024
https://www.instagram.com/vegan_check/p/C_TMyJYsHPi/,30. August 2024
https://www.instagram.com/vegan_check/p/C_Q1gzHTLen/,29. August 2024
https://www.instagram.com/vegan_check/reel/C_OHgbWKbs_/,28. August 2024
https://www.instagram.com/vegan_check/p/C_LoJpwvsZq/,27. August 2024
https://www.instagram.com/vegan_check/p/C_I5wMdv6BK/,26. August 2024
https://www.instagram.com/vegan_check/p/C_BLV9JsYO7/,23. August 2024
https://www.instagram.com/vegan_check/p/C-8CKbnN7aN/,21. August 2024
https://www.instagram.com/vegan_check/reel/C-5i_x2Kbmt/,4. September 2024
https://www.instagram.com/vegan_check/p/C-24lFozxJI/,19. August 2024
https://www.instagram.com/vegan_check/reel/C-xyYu7qkT5/,17. August 2024
https://www.instagram.com/vegan_check/p/C-vSxgHPKyF/,16. August 2024
https://www.instagram.com/vegan_check/p/C-qAlQazmsT/,14. August 2024
https://www.instagram.com/vegan_check/reel/C-ac7e0KVM2/,17. August 2024
https://www.instagram.com/vegan_check/p/C-X-iUhsYCr/,7. August 2024
https://www.instagram.com/vegan_check/p/C-QQKVzsf82/,4. August 2024
https://www.instagram.com/vegan_check/p/C-LGrGnzZnY/,2. August 2024
https://www.instagram.com/vegan_check/p/C-DcFg1TNK8/,1. August 2024
https://www.instagram.com/vegan_check/p/C95FIKHTyIn/,1. August 2024
https://www.instagram.com/vegan_check/reel/C92nHzWKqxE/,1. August 2024
https://www.instagram.com/vegan_check/p/C9z7dWESins/,24. Juli 2024
https://www.instagram.com/vegan_check/p/C9xXqdCTd_s/,23. Juli 2024
https://www.instagram.com/vegan_check/p/C9u4rKWT6Ib/,22. Juli 2024
https://www.instagram.com/vegan_check/p/C9sNB5rtO7F/,21. Juli 2024
https://www.instagram.com/vegan_check/reel/C9piboGK6-4/,20. Juli 2024
https://www.instagram.com/vegan_check/p/C9nD8JqTiVO/,19. Juli 2024
https://www.instagram.com/vegan_check/p/C9cwwBxNtDk/,15. Juli 2024
https://www.instagram.com/vegan_check/p/C9VD9JPqMXW/,26. Juli 2024
https://www.instagram.com/vegan_check/reel/C9SaAEFqdjT/,11. Juli 2024
https://www.instagram.com/vegan_check/p/C9P4x6NNEn3/,10. Juli 2024
https://www.instagram.com/vegan_check/p/C9KvMritMOD/,8. Juli 2024
https://www.instagram.com/vegan_check/reel/C9FneWgK9a_/,6. Juli 2024
https://www.instagram.com/vegan_check/reel/C9AWQPWq1-S/,4. Juli 2024
https://www.instagram.com/vegan_check/p/C8920PvM9z1/,3. Juli 2024
https://www.instagram.com/vegan_check/p/C87SASJNFE0/,2. Juli 2024
https://www.instagram.com/vegan_check/reel/C84ZROdKKI9/,1. Juli 2024
https://www.instagram.com/vegan_check/reel/C8zosnpqK5s/,29. Juni 2024
https://www.instagram.com/vegan_check/p/C8w-G4xsZm_/,28. Juni 2024
https://www.instagram.com/vegan_check/reel/C8uU89Lq3Wv/,27. Juni 2024
https://www.instagram.com/vegan_check/p/C8r1T_lN2Vk/,26. Juni 2024
https://www.instagram.com/vegan_check/p/C8ZzsVYtDbJ/,19. Juni 2024
https://www.instagram.com/vegan_check/reel/C8PbnUyqquO/,17. Juni 2024
https://www.instagram.com/vegan_check/p/C8M7vESNAEu/,14. Juni 2024
https://www.instagram.com/vegan_check/reel/C8KSUx5quwl/,13. Juni 2024
https://www.instagram.com/vegan_check/reel/C8FQ9_TKGsz/,11. Juni 2024
https://www.instagram.com/vegan_check/p/C8CvWjhyOk7/,10. Juni 2024
https://www.instagram.com/vegan_check/reel/C79ewSYqXti/,8. Juni 2024
https://www.instagram.com/vegan_check/reel/C74f0mYqzz7/,6. Juni 2024
https://www.instagram.com/vegan_check/p/C7yl1ZptuwH/,4. Juni 2024
https://www.instagram.com/vegan_check/p/C7wqPgyyHe8/,3. Juni 2024
https://www.instagram.com/vegan_check/p/C7o4-vNPAe-/,31. Mai 2024
https://www.instagram.com/vegan_check/reel/C7hQ-F2Klcd/,14. Juni 2024
https://www.instagram.com/vegan_check/p/C7esNWiybtL/,27. Mai 2024
https://www.instagram.com/vegan_check/reel/C7ZfEVyqJZb/,25. Mai 2024
https://www.instagram.com/vegan_check/reel/C7PNg4yqkxi/,21. Mai 2024
https://www.instagram.com/vegan_check/p/C7Mui0SyYdM/,20. Mai 2024
https://www.instagram.com/vegan_check/p/C66irsMtIu9/,13. Mai 2024
https://www.instagram.com/vegan_check/p/C639cQ_yglx/,12. Mai 2024
https://www.instagram.com/vegan_check/p/C6ohHZGNNc8/,6. Mai 2024
https://www.instagram.com/vegan_check/reel/C6jg6rDqTOl/,4. Mai 2024
https://www.instagram.com/vegan_check/p/C6gyGniNNa8/,3. Mai 2024
https://www.instagram.com/vegan_check/reel/C6ZMNKoqddI/,30. April 2024
https://www.instagram.com/vegan_check/p/C6WfKGYsn-q/,29. April 2024
https://www.instagram.com/vegan_check/p/C6O5LGZtUND/,26. April 2024
https://www.instagram.com/vegan_check/reel/C6MRRfcqsvx/,25. April 2024
https://www.instagram.com/vegan_check/p/C6JnLAYs5AO/,24. April 2024
https://www.instagram.com/vegan_check/reel/C6HHAO_qhju/,23. April 2024
https://www.instagram.com/vegan_check/p/C6B5NSatkYI/,21. April 2024
https://www.instagram.com/vegan_check/reel/C5_XUdBKdnW/,20. April 2024
https://www.instagram.com/vegan_check/p/C58vNlvMy36/,22. April 2024
https://www.instagram.com/vegan_check/p/C53loRusfjJ/,17. April 2024
https://www.instagram.com/vegan_check/reel/C51GmF6qlfs/,16. April 2024
https://www.instagram.com/vegan_check/reel/C5vuEhqqS4Y/,14. April 2024
https://www.instagram.com/vegan_check/p/C5tW5d6q02y/,13. April 2024
https://www.instagram.com/vegan_check/reel/C5oOyNIKTHJ/,11. April 2024
https://www.instagram.com/vegan_check/p/C5i_QiFticC/,9. April 2024
https://www.instagram.com/vegan_check/p/C5ga2paN-Fh/,8. April 2024
https://www.instagram.com/vegan_check/reel/C5bboBzKz6Z/,6. April 2024
https://www.instagram.com/vegan_check/reel/C5WP-6VKHwD/,4. April 2024
https://www.instagram.com/vegan_check/reel/C5Q69eRqeEw/,2. April 2024
https://www.instagram.com/vegan_check/p/C5GxvyfsVMq/,29. März 2024
https://www.instagram.com/vegan_check/reel/C5ERxM4qpG4/,28. März 2024
https://www.instagram.com/vegan_check/p/C455Qh7MDbG/,24. März 2024
https://www.instagram.com/vegan_check/reel/C43XCvbqZrY/,23. März 2024
https://www.instagram.com/vegan_check/p/C4yC0aSMN_E/,21. März 2024
https://www.instagram.com/vegan_check/p/C4vmKi3Mrsp/,20. März 2024
https://www.instagram.com/vegan_check/p/C4dkg9BS4Eu/,13. März 2024
https://www.instagram.com/vegan_check/p/C4Yys3WRj38/,11. März 2024
https://www.instagram.com/vegan_check/p/C4V2GmWMrnu/,10. März 2024
https://www.instagram.com/vegan_check/p/C4LjCXbM8yi/,6. März 2024
https://www.instagram.com/vegan_check/p/C4GZijCSpei/,4. März 2024
https://www.instagram.com/vegan_check/p/C3-xOzGShwo/,1. März 2024
https://www.instagram.com/vegan_check/reel/C33NvJfKsEh/,27. Februar 2024
https://www.instagram.com/vegan_check/reel/C3s5q_BqrXm/,23. Februar 2024
https://www.instagram.com/vegan_check/p/C3nf4aZMYeW/,27. Februar 2024
https://www.instagram.com/vegan_check/reel/C3aqMn1q2mA/,20. Februar 2024
https://www.instagram.com/vegan_check/p/C3YJ_ruSi8S/,15. Februar 2024
https://www.instagram.com/vegan_check/p/C3S41FbMrKh/,13. Februar 2024
